Open,High,Low,Close,Adj Close,Volume
0.03932072,0.042925756,0.042494062,0.044258352,0.045203038,0.009741167
0.025536692,0.027334094,0.027548917,0.02880112,0.028605646,0.010957179
0.017816978,0.019054335,0.019316548,0.019914895,0.019780915,0.039211586
0.017939351,0.018730635,0.019248266,0.019444263,0.018975804,0.036732413
0.017062094,0.017797478,0.01824028,0.01838894,0.017952738,0.041181218